<?xml version="1.0" encoding="UTF-8"?><idempiere Name="2Pack_1.0.0" Version="1.0.0" idempiereVersion="" DataBaseVersion="" Description="" Author="" AuthorEmail="info@bx-service.com" CreatedDate="2024-05-03 13:45:06.67" UpdatedDate="2024-05-03 13:49:01.857" PackOutVersion="100" UpdateDictionary="false" Client="0-SYSTEM-System" AD_Client_UU="11237b53-9592-4af1-b3c5-afd216514b5d">
    <AD_EntityType type="table">
        <AD_Client_ID>0</AD_Client_ID>
        <AD_Org_ID>0</AD_Org_ID>
        <EntityType>BAY</EntityType>
        <AD_Org_ID reference="id">0</AD_Org_ID>
        <IsActive>Y</IsActive>
        <Name>Freibier</Name>
        <Description>Implementation from BX Service/Thomas Bayen for FreiBier, german/european localization and more</Description>
        <Help/>
        <Version/>
        <ModelPackage/>
        <Classpath/>
        <Processing>N</Processing>
        <AD_EntityType_UU>ea7c6bae-5992-4f08-8777-c264078da40f</AD_EntityType_UU>
    </AD_EntityType>
    <AD_Process type="table">
        <AD_Client_ID>0</AD_Client_ID>
        <AD_Org_ID>0</AD_Org_ID>
        <AD_Org_ID reference="id">0</AD_Org_ID>
        <IsActive>Y</IsActive>
        <Name>Validate FileSystem Storage Provider</Name>
        <Description>Verifies if all the files defined in the database exists in the filesystem, reporting not existing or empty files</Description>
        <Help/>
        <ProcedureName/>
        <IsReport>N</IsReport>
        <Value>validatefilesystemstorageprovider</Value>
        <IsDirectPrint>N</IsDirectPrint>
        <AD_ReportView_ID reference="id"/>
        <Classname>de.bxservice.validatefilesystemstorageprovider.process.CheckFiles</Classname>
        <AccessLevel>6</AccessLevel>
        <EntityType>BAY</EntityType>
        <Statistic_Count>15</Statistic_Count>
        <Statistic_Seconds>50</Statistic_Seconds>
        <AD_PrintFormat_ID reference="id"/>
        <WorkflowValue/>
        <AD_Workflow_ID reference="id"/>
        <IsBetaFunctionality>N</IsBetaFunctionality>
        <ShowHelp>Y</ShowHelp>
        <JasperReport/>
        <AD_Form_ID reference="id"/>
        <CopyFromProcess>N</CopyFromProcess>
        <AD_Process_UU>a1cb569b-2ca0-4f20-ae23-bef4c4e72daa</AD_Process_UU>
        <AD_CtxHelp_ID reference="id"/>
        <ExecutionType/>
        <AllowMultipleExecution>P</AllowMultipleExecution>
        <FileNamePattern/>
        <AD_Process_Trl type="translation">
            <Description>Verifies if all the files defined in the database exists in the filesystem, reporting not existing or empty files</Description>
            <Help/>
            <Name>Validate FileSystem Storage Provider</Name>
            <AD_Language>de_DE</AD_Language>
            <IsActive>Y</IsActive>
            <IsTranslated>N</IsTranslated>
        </AD_Process_Trl>
        <AD_Process_Trl type="translation">
            <Description>Verifies if all the files defined in the database exists in the filesystem, reporting not existing or empty files</Description>
            <Help/>
            <Name>Validate FileSystem Storage Provider</Name>
            <AD_Language>en_US</AD_Language>
            <IsActive>Y</IsActive>
            <IsTranslated>Y</IsTranslated>
        </AD_Process_Trl>
    </AD_Process>
    <AD_ToolBarButton type="table">
        <AD_Client_ID>0</AD_Client_ID>
        <AD_Org_ID>0</AD_Org_ID>
        <AD_Org_ID reference="id">0</AD_Org_ID>
        <ComponentName>Validate FileSystem Storage Provider</ComponentName>
        <IsActive>Y</IsActive>
        <Name>Validate FileSystem Storage Provider</Name>
        <IsCustomization>N</IsCustomization>
        <ActionClassName/>
        <ActionName/>
        <KeyStroke_KeyCode/>
        <KeyStroke_Modifiers/>
        <AD_ToolBarButton_UU>1c5c8b39-ac89-4c4c-b7ea-1dcc39a57e39</AD_ToolBarButton_UU>
        <Action>W</Action>
        <AD_Tab_ID reference="id">200032</AD_Tab_ID>
        <AD_Process_ID reference="uuid" reference-key="AD_Process">a1cb569b-2ca0-4f20-ae23-bef4c4e72daa</AD_Process_ID>
        <DisplayLogic>@Method@=FileSystem &amp; @#DBType@=PostgreSQL</DisplayLogic>
        <SeqNo>10</SeqNo>
        <IsAdvancedButton>N</IsAdvancedButton>
        <IsAddSeparator>N</IsAddSeparator>
        <ReadOnlyLogic/>
        <PressedLogic/>
        <EntityType>BAY</EntityType>
        <IsShowMore>N</IsShowMore>
    </AD_ToolBarButton>
</idempiere>
